id,first_name,last_name,email,elective_id
1,Amelia,Davis,amelia.davis1@example.com,7
2,Lucas,Rodriguez,lucas.rodriguez2@example.com,1
3,Liam,Martinez,liam.martinez3@example.com,9
4,James,Hernandez,james.hernandez4@example.com,6
5,Noah,Lee,noah.lee5@example.com,4
6,Henry,Lee,henry.lee6@example.com,3
7,Lucas,Johnson,lucas.johnson7@example.com,1
8,Ava,Lee,ava.lee8@example.com,9
9,Amelia,Hernandez,amelia.hernandez9@example.com,7
10,Liam,Martinez,liam.martinez10@example.com,4
11,Sophia,Davis,sophia.davis11@example.com,12
12,Olivia,Moore,olivia.moore12@example.com,6
13,James,Moore,james.moore13@example.com,10
14,Mia,Lee,mia.lee14@example.com,1
15,Benjamin,Lee,benjamin.lee15@example.com,3
16,Benjamin,Davis,benjamin.davis16@example.com,4
17,Liam,Smith,liam.smith17@example.com,3
18,Liam,Hernandez,liam.hernandez18@example.com,1
19,Henry,Hernandez,henry.hernandez19@example.com,9
20,James,Lee,james.lee20@example.com,10
21,Sophia,Smith,sophia.smith21@example.com,11
22,Ava,Hernandez,ava.hernandez22@example.com,2
23,Benjamin,Davis,benjamin.davis23@example.com,8
24,James,Rodriguez,james.rodriguez24@example.com,8
25,Emma,Davis,emma.davis25@example.com,2
26,Noah,Smith,noah.smith26@example.com,7
27,Noah,Brown,noah.brown27@example.com,1
28,James,Davis,james.davis28@example.com,3
29,Mia,Hernandez,mia.hernandez29@example.com,4
30,Henry,Garcia,henry.garcia30@example.com,4
31,James,Smith,james.smith31@example.com,4
32,Ava,Johnson,ava.johnson32@example.com,3
33,Mia,Hernandez,mia.hernandez33@example.com,11
34,Olivia,Moore,olivia.moore34@example.com,11
35,Amelia,Lee,amelia.lee35@example.com,8
36,James,Moore,james.moore36@example.com,8
37,Noah,Smith,noah.smith37@example.com,2
38,Noah,Garcia,noah.garcia38@example.com,3
39,Mia,Rodriguez,mia.rodriguez39@example.com,12
40,Olivia,Garcia,olivia.garcia40@example.com,6
41,Noah,Hernandez,noah.hernandez41@example.com,1
42,Liam,Johnson,liam.johnson42@example.com,2
43,James,Hernandez,james.hernandez43@example.com,9
44,Noah,Smith,noah.smith44@example.com,1
45,Mia,Garcia,mia.garcia45@example.com,12
46,Benjamin,Garcia,benjamin.garcia46@example.com,10
47,Noah,Johnson,noah.johnson47@example.com,6
48,Liam,Davis,liam.davis48@example.com,5
49,Henry,Johnson,henry.johnson49@example.com,3
50,Lucas,Moore,lucas.moore50@example.com,1
51,Amelia,Rodriguez,amelia.rodriguez51@example.com,1
52,Mia,Johnson,mia.johnson52@example.com,2
53,Sophia,Brown,sophia.brown53@example.com,12
54,Sophia,Smith,sophia.smith54@example.com,3
55,Liam,Hernandez,liam.hernandez55@example.com,1
56,Sophia,Davis,sophia.davis56@example.com,1
57,Noah,Johnson,noah.johnson57@example.com,1
58,Olivia,Martinez,olivia.martinez58@example.com,4
59,Benjamin,Martinez,benjamin.martinez59@example.com,1
60,Amelia,Smith,amelia.smith60@example.com,10
61,James,Johnson,james.johnson61@example.com,3
62,Mia,Hernandez,mia.hernandez62@example.com,11
63,James,Garcia,james.garcia63@example.com,2
64,Olivia,Hernandez,olivia.hernandez64@example.com,12
65,Benjamin,Lee,benjamin.lee65@example.com,8
66,Emma,Brown,emma.brown66@example.com,11
67,Ava,Garcia,ava.garcia67@example.com,3
68,Olivia,Rodriguez,olivia.rodriguez68@example.com,4
69,Sophia,Hernandez,sophia.hernandez69@example.com,5
70,Amelia,Brown,amelia.brown70@example.com,6
71,Noah,Martinez,noah.martinez71@example.com,3
72,Mia,Davis,mia.davis72@example.com,7
73,James,Davis,james.davis73@example.com,3
74,Amelia,Johnson,amelia.johnson74@example.com,4
75,Henry,Martinez,henry.martinez75@example.com,1
76,Henry,Hernandez,henry.hernandez76@example.com,8
77,Benjamin,Davis,benjamin.davis77@example.com,7
78,Ava,Johnson,ava.johnson78@example.com,10
79,James,Hernandez,james.hernandez79@example.com,9
80,Sophia,Smith,sophia.smith80@example.com,2
81,Benjamin,Rodriguez,benjamin.rodriguez81@example.com,1
82,Lucas,Martinez,lucas.martinez82@example.com,4
83,Liam,Rodriguez,liam.rodriguez83@example.com,9
84,Lucas,Davis,lucas.davis84@example.com,9
85,Olivia,Martinez,olivia.martinez85@example.com,1
86,Olivia,Johnson,olivia.johnson86@example.com,6
87,Olivia,Rodriguez,olivia.rodriguez87@example.com,10
88,Henry,Brown,henry.brown88@example.com,10
89,James,Hernandez,james.hernandez89@example.com,8
90,James,Smith,james.smith90@example.com,3
91,Olivia,Lee,olivia.lee91@example.com,8
92,Mia,Rodriguez,mia.rodriguez92@example.com,8
93,Noah,Moore,noah.moore93@example.com,1
94,Lucas,Lee,lucas.lee94@example.com,9
95,James,Johnson,james.johnson95@example.com,1
96,Liam,Martinez,liam.martinez96@example.com,8
97,Ava,Moore,ava.moore97@example.com,5
98,Henry,Lee,henry.lee98@example.com,2
99,Benjamin,Rodriguez,benjamin.rodriguez99@example.com,3
100,James,Rodriguez,james.rodriguez100@example.com,4
101,Noah,Davis,noah.davis101@example.com,1
102,Lucas,Hernandez,lucas.hernandez102@example.com,1
103,Liam,Brown,liam.brown103@example.com,1
104,James,Garcia,james.garcia104@example.com,11
105,Ava,Johnson,ava.johnson105@example.com,12
106,Benjamin,Smith,benjamin.smith106@example.com,5
107,Olivia,Johnson,olivia.johnson107@example.com,6
108,Ava,Smith,ava.smith108@example.com,4
109,Olivia,Brown,olivia.brown109@example.com,1
110,Amelia,Martinez,amelia.martinez110@example.com,6
111,Lucas,Moore,lucas.moore111@example.com,5
112,Liam,Brown,liam.brown112@example.com,12
113,Liam,Martinez,liam.martinez113@example.com,1
114,Mia,Martinez,mia.martinez114@example.com,2
115,Benjamin,Hernandez,benjamin.hernandez115@example.com,3
116,Lucas,Smith,lucas.smith116@example.com,2
117,Mia,Johnson,mia.johnson117@example.com,7
118,James,Davis,james.davis118@example.com,7
119,Mia,Smith,mia.smith119@example.com,1
120,Amelia,Martinez,amelia.martinez120@example.com,1
